{
  "updateBookingByPut" : {
    "transaction" : "updateBookingByPut",
    "sampleCount" : 100,
    "errorCount" : 0,
    "errorPct" : 0.0,
    "meanResTime" : 313.14,
    "medianResTime" : 312.5,
    "minResTime" : 288.0,
    "maxResTime" : 376.0,
    "pct1ResTime" : 332.8,
    "pct2ResTime" : 337.84999999999997,
    "pct3ResTime" : 375.8099999999999,
    "throughput" : 9.29022668153103,
    "receivedKBytesPerSec" : 8.365921706614643,
    "sentKBytesPerSec" : 4.585870000696767
  },
  "auth" : {
    "transaction" : "auth",
    "sampleCount" : 100,
    "errorCount" : 0,
    "errorPct" : 0.0,
    "meanResTime" : 1298.3599999999997,
    "medianResTime" : 1278.5,
    "minResTime" : 1143.0,
    "maxResTime" : 2495.0,
    "pct1ResTime" : 1354.7,
    "pct2ResTime" : 1717.9999999999984,
    "pct3ResTime" : 2488.1499999999965,
    "throughput" : 8.185985592665357,
    "receivedKBytesPerSec" : 6.2168723395546825,
    "sentKBytesPerSec" : 2.062484651277014
  },
  "Total" : {
    "transaction" : "Total",
    "sampleCount" : 600,
    "errorCount" : 0,
    "errorPct" : 0.0,
    "meanResTime" : 480.226666666667,
    "medianResTime" : 320.0,
    "minResTime" : 284.0,
    "maxResTime" : 2495.0,
    "pct1ResTime" : 1259.6999999999998,
    "pct2ResTime" : 1309.8999999999999,
    "pct3ResTime" : 1584.4100000000005,
    "throughput" : 43.362000433620004,
    "receivedKBytesPerSec" : 37.08375584935318,
    "sentKBytesPerSec" : 13.90265908433909
  },
  "deleteBooking" : {
    "transaction" : "deleteBooking",
    "sampleCount" : 100,
    "errorCount" : 0,
    "errorPct" : 0.0,
    "meanResTime" : 313.5300000000002,
    "medianResTime" : 316.0,
    "minResTime" : 286.0,
    "maxResTime" : 363.0,
    "pct1ResTime" : 332.0,
    "pct2ResTime" : 347.95,
    "pct3ResTime" : 362.90999999999997,
    "throughput" : 9.246417013407305,
    "receivedKBytesPerSec" : 6.8188713592233015,
    "sentKBytesPerSec" : 2.3158482142857144
  },
  "getBooking" : {
    "transaction" : "getBooking",
    "sampleCount" : 100,
    "errorCount" : 0,
    "errorPct" : 0.0,
    "meanResTime" : 325.76,
    "medianResTime" : 313.0,
    "minResTime" : 286.0,
    "maxResTime" : 1098.0,
    "pct1ResTime" : 335.9,
    "pct2ResTime" : 340.0,
    "pct3ResTime" : 1094.9699999999984,
    "throughput" : 9.31098696461825,
    "receivedKBytesPerSec" : 8.413713337988826,
    "sentKBytesPerSec" : 1.522764635707635
  },
  "updateBookingByPatch" : {
    "transaction" : "updateBookingByPatch",
    "sampleCount" : 100,
    "errorCount" : 0,
    "errorPct" : 0.0,
    "meanResTime" : 316.91999999999996,
    "medianResTime" : 313.5,
    "minResTime" : 285.0,
    "maxResTime" : 773.0,
    "pct1ResTime" : 334.0,
    "pct2ResTime" : 339.84999999999997,
    "pct3ResTime" : 768.7099999999978,
    "throughput" : 9.266123054114159,
    "receivedKBytesPerSec" : 8.329375926612306,
    "sentKBytesPerSec" : 2.8275248737490735
  },
  "createBooking" : {
    "transaction" : "createBooking",
    "sampleCount" : 100,
    "errorCount" : 0,
    "errorPct" : 0.0,
    "meanResTime" : 313.65,
    "medianResTime" : 312.0,
    "minResTime" : 284.0,
    "maxResTime" : 381.0,
    "pct1ResTime" : 334.0,
    "pct2ResTime" : 343.74999999999994,
    "pct3ResTime" : 380.66999999999985,
    "throughput" : 9.344047841524947,
    "receivedKBytesPerSec" : 8.702283305690525,
    "sentKBytesPerSec" : 4.288771958512427
  }
}